Datetime,Water Level (m)
2025-10-14 18:00:00,-0.06400613
2025-10-14 19:00:00,-0.21253103
2025-10-14 20:00:00,-0.29543826
2025-10-14 21:00:00,-0.2217042
2025-10-14 22:00:00,-0.024526382
2025-10-14 23:00:00,0.21401027
2025-10-15 00:00:00,0.48028317
2025-10-15 01:00:00,0.71144724
2025-10-15 02:00:00,0.85617894
2025-10-15 03:00:00,0.82474476
2025-10-15 04:00:00,0.63242215
2025-10-15 05:00:00,0.43398878
2025-10-15 06:00:00,0.23112024
2025-10-15 07:00:00,0.028925901
2025-10-15 08:00:00,-0.15259328
2025-10-15 09:00:00,-0.2926449
2025-10-15 10:00:00,-0.326546
2025-10-15 11:00:00,-0.16178162
2025-10-15 12:00:00,0.058297116
2025-10-15 13:00:00,0.2922596
2025-10-15 14:00:00,0.508683
2025-10-15 15:00:00,0.6521128
2025-10-15 16:00:00,0.6497864
2025-10-15 17:00:00,0.48206332
2025-10-15 18:00:00,0.3011537
2025-10-15 19:00:00,0.115244135
2025-10-15 20:00:00,-0.066318125
2025-10-15 21:00:00,-0.21846916
2025-10-15 22:00:00,-0.29378173
2025-10-15 23:00:00,-0.15331995
2025-10-16 00:00:00,0.09091177
2025-10-16 01:00:00,0.35845774
2025-10-16 02:00:00,0.6284659
2025-10-16 03:00:00,0.8378481
2025-10-16 04:00:00,0.9164043
2025-10-16 05:00:00,0.7911799
2025-10-16 06:00:00,0.57386047
2025-10-16 07:00:00,0.35838464
2025-10-16 08:00:00,0.13550618
2025-10-16 09:00:00,-0.0782649
2025-10-16 10:00:00,-0.2648474
2025-10-16 11:00:00,-0.38308704
2025-10-16 12:00:00,-0.2659674
2025-10-16 13:00:00,0.00088081916
2025-10-16 14:00:00,0.28663364
2025-10-16 15:00:00,0.5646231
2025-10-16 16:00:00,0.7678268
2025-10-16 17:00:00,0.8084005
2025-10-16 18:00:00,0.63249236
2025-10-16 19:00:00,0.4238229
2025-10-16 20:00:00,0.216426
2025-10-16 21:00:00,0.0075830133
2025-10-16 22:00:00,-0.18188864
2025-10-16 23:00:00,-0.32328275
2025-10-17 00:00:00,-0.28133035
2025-10-17 01:00:00,-0.019526811
2025-10-17 02:00:00,0.2792057
2025-10-17 03:00:00,0.5915645
2025-10-17 04:00:00,0.8553169
2025-10-17 05:00:00,0.96824276
2025-10-17 06:00:00,0.8265906
2025-10-17 07:00:00,0.5883862
2025-10-17 08:00:00,0.3572806
2025-10-17 09:00:00,0.12176653
2025-10-17 10:00:00,-0.10505678
2025-10-17 11:00:00,-0.30268878
2025-10-17 12:00:00,-0.4236174
2025-10-17 13:00:00,-0.2704449
2025-10-17 14:00:00,0.025356226
2025-10-17 15:00:00,0.3502392
2025-10-17 16:00:00,0.6711165
2025-10-17 17:00:00,0.9072981
2025-10-17 18:00:00,0.93781364
2025-10-17 19:00:00,0.7163625
2025-10-17 20:00:00,0.48251277
2025-10-17 21:00:00,0.24895261
2025-10-17 22:00:00,0.01563684
2025-10-17 23:00:00,-0.1968448
2025-10-18 00:00:00,-0.35794467
2025-10-18 01:00:00,-0.30234772
2025-10-18 02:00:00,-0.015197614
2025-10-18 03:00:00,0.3120378
2025-10-18 04:00:00,0.6487068
2025-10-18 05:00:00,0.9242842
2025-10-18 06:00:00,1.0105851
2025-10-18 07:00:00,0.81639963
2025-10-18 08:00:00,0.5678277
2025-10-18 09:00:00,0.3228983
2025-10-18 10:00:00,0.07599684
2025-10-18 11:00:00,-0.15617812
2025-10-18 12:00:00,-0.35499513
2025-10-18 13:00:00,-0.4275431
2025-10-18 14:00:00,-0.18367302
2025-10-18 15:00:00,0.1548813
2025-10-18 16:00:00,0.51678544
2025-10-18 17:00:00,0.8548822
2025-10-18 18:00:00,1.0552815
2025-10-18 19:00:00,0.9923694
2025-10-18 20:00:00,0.7304422
2025-10-18 21:00:00,0.48445547
2025-10-18 22:00:00,0.23397821
2025-10-18 23:00:00,-0.010446637
2025-10-19 00:00:00,-0.23166808
2025-10-19 01:00:00,-0.38368002
2025-10-19 02:00:00,-0.2462823
2025-10-19 03:00:00,0.078618206
2025-10-19 04:00:00,0.43826902
2025-10-19 05:00:00,0.7891497
2025-10-19 06:00:00,1.033072
2025-10-19 07:00:00,1.0091602
2025-10-19 08:00:00,0.7471069
2025-10-19 09:00:00,0.49624398
2025-10-19 10:00:00,0.24324481
2025-10-19 11:00:00,-0.007098137
2025-10-19 12:00:00,-0.23732951
2025-10-19 13:00:00,-0.41744637
2025-10-19 14:00:00,-0.35587385
2025-10-19 15:00:00,-0.041389924
2025-10-19 16:00:00,0.3325581
2025-10-19 17:00:00,0.72085965
2025-10-19 18:00:00,1.0420705
2025-10-19 19:00:00,1.159943
2025-10-19 20:00:00,0.96754754
2025-10-19 21:00:00,0.6976211
2025-10-19 22:00:00,0.43564785
2025-10-19 23:00:00,0.17241752
2025-10-20 00:00:00,-0.077799365
2025-10-20 01:00:00,-0.29272962
2025-10-20 02:00:00,-0.37927082
2025-10-20 03:00:00,-0.12243164
2025-10-20 04:00:00,0.23798673
2025-10-20 05:00:00,0.6110426
2025-10-20 06:00:00,0.9421291
2025-10-20 07:00:00,1.0840921
2025-10-20 08:00:00,0.8927946
2025-10-20 09:00:00,0.6291245
2025-10-20 10:00:00,0.37145635
2025-10-20 11:00:00,0.11296154
2025-10-20 12:00:00,-0.13492323
2025-10-20 13:00:00,-0.35169363
2025-10-20 14:00:00,-0.46490642
2025-10-20 15:00:00,-0.23734185
2025-10-20 16:00:00,0.12712024
2025-10-20 17:00:00,0.5319397
2025-10-20 18:00:00,0.927207
